"state","year","n_case_visits","pct_home_visit","n_home_visit","n_entered_care","n_fatality","fatality_rate","n_first_day_count","first_day_median_stay","pct_maltreat_in_care","n_in_care_check","pct_emotional","pct_medical","pct_neglect","pct_physical","pct_sexual","pct_traffic","pct_other_maltreat","pct_missing_maltreat","child_populaton","pct_child_poverty","two_minus_place_gt24","three_plus_place_gt24","missing_gt24","n_in_care_g24","two_minus_place_len_miss","three_plus_place_len_missing","missing_len_missing","n_in_care_len_missing","two_minus_place_lt12","three_plus_place_lt12","missing_lt12","n_in_care_lt12","two_minus_place_lt24","three_plus_place_lt24","missing_lt24","n_in_care_lt24"
"Alabama",2017,57847,99,57517,4098,28,2.55,4916,11.8,0.3,9015,0.4,0.9,43.9,53.6,14.9,NA,0,0,1096577,24.6,31.7,68.3,0,2036,75,12.5,12.5,8,76.9,21.7,1.4,4852,52.2,47.5,0.3,2119
"Alabama",2018,63545,100,63239,4075,43,3.94,5486,11.1,0.17,9561,0.3,0.6,42.9,53.3,16.6,0,0,0,1092599,23.8,32,68,0,2226,80,20,0,5,78.2,20.5,1.4,4811,55.4,44.4,0.2,2519
"Alabama",2019,65497,100,65297,3985,34,3.12,5756,12,0.27,9741,0.2,0.7,39.8,54.8,17.7,0,0,0,1088727,21.4,32.1,67.9,0,2421,100,0,0,20,78.1,20.6,1.3,4788,57.4,42.5,0.1,2512
"Alabama",2020,54695,100,54500,3504,47,4.18,5671,12.6,0.32,9175,0.2,0.7,44,50.5,19.4,0,0,0,1124750,20.4,32.7,67.3,0,2508,86.7,13.3,0,15,78.1,20.9,1,4206,58.6,41.3,0.1,2446
"Alabama",2021,60858,100,60653,3631,36,3.21,5450,13.3,0.25,9081,0.2,0.7,43.5,52.6,18.6,0.1,0,0,1122252,22.2,34.5,65.5,0,2516,63.6,9.1,27.3,11,76.8,21.8,1.4,4278,58.4,41.4,0.1,2276
"Alaska",2017,22203,63,14004,1321,2,1.08,2764,14.8,0.88,4085,30.2,0.2,89.6,14.8,5.4,NA,0,0,185729,14.9,42.3,57.7,0,1436,80,20,0,5,82.6,17.3,0.1,1556,65.1,34.9,0,1088
"Alaska",2018,21342,63,13363,1337,2,1.09,2695,15.8,1.51,4032,28.4,2.9,88.8,17,7.8,0.2,0,0,183189,14.1,42.5,57.5,0,1450,100,0,0,1,83.1,16.7,0.1,1530,66.9,33.1,0,1051
"Alaska",2019,22905,63,14470,1496,1,0.55,2720,15.4,0.78,4216,35.7,3,86.7,16.5,9.2,0.1,0,0,180442,13,41.6,58.4,0,1410,100,0,0,2,78.2,21.8,0.1,1710,65.4,34.6,0,1094
"Alaska",2020,24251,75,18224,1353,2,1.1,2845,13.4,1.43,4198,36,3.6,81.1,22.2,9.6,0,0,0,181019,11.8,43.2,56.8,0,1395,100,0,0,6,82.7,17.2,0.1,1581,60.5,39.5,0,1216
"Alaska",2021,22724,75,16954,1324,6,3.35,2794,15.7,1.12,4119,34.1,3.8,81.9,21.3,8.5,0.1,0,0,179356,12.4,41.9,58.1,0,1491,50,50,0,2,79.5,20.4,0.1,1525,68.8,31.2,0,1101
"Arizona",2017,173979,80,139848,10057,35,2.14,16840,11.9,0.14,26897,0,NA,97.4,8.3,3.2,NA,0,0,1638725,20.8,44.7,52.7,2.6,6241,88.2,0,11.8,17,82.5,13.1,4.4,11904,65.1,31.9,2.9,8735
"Arizona",2018,153110,81,123826,9173,48,2.93,14736,12.2,0.12,23909,0.1,NA,97.2,8.2,4,NA,0,0,1638657,20.1,41.1,57,1.9,5759,84.6,0,15.4,13,83.5,13.3,3.2,10826,68.3,30.4,1.3,7311
"Arizona",2019,144209,82,117728,9607,33,2.01,13082,11.7,0.12,22689,0.1,NA,97.2,8.1,3.9,NA,0,0,1641727,19.1,40.3,57.6,2.2,5030,69.6,0,30.4,46,83.6,13,3.4,11095,67.4,30.3,2.2,6518
"Arizona",2020,144339,86,123992,9365,18,1.11,12893,10.6,0.07,22255,0.1,NA,97,8.7,3.9,NA,0,0,1615693,17.6,40,58.4,1.6,4554,77.8,0,22.2,36,83.4,13.6,3,10947,69.2,29.7,1.1,6721
"Arizona",2021,2561,85,2173,8368,NA,NA,13901,11.9,NA,NA,NA,NA,NA,NA,NA,NA,NA,NA,1613988,17.3,24.8,74.9,0.3,5655,90.5,4.8,4.8,21,80.5,12.9,6.6,9801,65.1,34.6,0.3,6792
"Arkansas",2017,43237,91,39561,3778,37,5.24,4767,9.1,0.23,8545,1.7,15.7,56.7,22.5,19.7,NA,0,0,705952,22.5,23.6,76.4,0,1512,66.7,0,33.3,3,74.1,25.9,0,4645,47.1,52.8,0.1,2385
"Arkansas",2018,43044,94,40375,3123,44,6.25,4688,10.9,0.13,7811,1.3,16.7,49.7,30.2,20.2,0.1,0,0,703626,24.7,19.7,80.3,0.1,1638,85.7,0,14.3,7,77.3,22.6,0,3930,51.2,48.8,0,2236
"Arkansas",2019,41713,95,39711,3071,35,4.99,4159,11.9,0.15,7230,1.1,17.3,54.1,24.7,19.6,0.1,0,0,701317,22.1,18.6,81.3,0.1,1621,72.7,0,27.3,11,76.6,23.4,0,3723,53.3,46.7,0,1875
"Arkansas",2020,41008,96,39314,3106,30,4.26,4053,10.5,0.21,7159,2,2.4,72.4,20.2,19.7,0.1,0.3,0,704793,20.8,18.1,81.8,0.1,1395,93.8,0,6.3,16,75.6,24.3,0.1,3741,55,45,0,2007
"Arkansas",2021,42536,93,39444,2949,36,5.12,4202,10.4,0.29,7151,1.5,NA,74.3,18.6,18.9,0.2,2.2,0,703389,22.4,24.6,75.4,0,1466,84.6,0,15.4,13,76.1,23.8,0.1,3479,56.2,43.7,0.1,2193
"California",2017,544178,79,430412,28016,147,1.62,52390,14.2,0.18,80408,10.8,0.2,93.1,8.3,5.5,NA,0.6,0,9050090,18.1,42.4,57.6,0,25527,100,0,0,32,87.9,12.1,0,32984,70.1,29.9,0,21865
"California",2018,521789,79,413617,27178,145,1.62,51031,15,0.19,78215,10.3,0.2,93,7.8,5.4,0.1,0.8,0,8974477,17.4,42.5,57.5,0,26030,90.9,6.1,3,33,87.8,12.2,0,31341,70.8,29.2,0,20811
"California",2019,512724,80,408959,28138,153,1.72,49747,15.2,0.19,77889,9.3,0.1,94.3,7.3,5.4,0.1,0.7,0,8881104,15.6,42.6,57.4,0,25477,97.4,2.6,0,116,87.8,12.2,0,32178,71.4,28.6,0,20118
"California",2020,513096,88,449544,24748,150,1.68,49691,14.5,0.25,74441,9.2,0.1,94,7,5.5,0.1,0.8,0,8936181,14.6,44.5,55.5,0,24932,96.2,3,0.8,132,88.9,11.1,0,28626,73.2,26.8,0,20751
"California",2021,490671,91,446504,22892,135,1.54,49176,16.3,0.24,72070,8.3,0.1,93.2,6.6,7,0.1,0.7,0,8772631,15.8,47.5,52.5,0,26597,94.1,4.9,1,102,87.6,12.4,0,26258,74.5,25.5,0,19113
"Colorado",2017,52001,85,44218,5134,35,2.77,5443,10.3,0.49,10577,2.3,1.6,86.7,11.5,9.3,NA,0,0.3,1264219,12,26.5,59.1,14.3,1896,50,0,50,2,83.2,13,3.8,6198,51.6,36.1,12.3,2481
"Colorado",2018,50078,85,42347,4785,40,3.16,5498,10.3,0.47,10283,2,1.8,88.1,10.7,8.7,NA,0,0.3,1264226,11.9,27.2,59.1,13.7,1970,66.7,0,33.3,3,82.1,13.6,4.2,5774,51.3,37.9,10.8,2536
"Colorado",2019,47828,85,40527,4420,25,1.99,5322,11.8,0.46,9742,2.2,1.3,88.7,10.2,9.7,NA,0,0.2,1256673,10.9,27.6,57,15.4,2115,100,0,0,9,82.9,13.8,3.3,5314,52.3,35.9,11.8,2304
"Colorado",2020,44373,75,33501,3554,24,1.9,5185,11.3,0.3,8740,1.9,1.2,89.7,10.3,9,NA,0,0.2,1260965,10.5,33.7,48.3,18.1,2035,69.2,15.4,15.4,13,82.2,11.9,5.9,4406,58.7,31.5,9.8,2286
"Colorado",2021,44460,93,41391,3542,31,2.49,4603,12.8,0.32,8147,2,1.6,89.5,10.1,10.7,0,0,0.3,1243456,11.8,32.5,47.4,20,1957,91.7,0,8.3,12,84.6,11.3,4.1,4341,58.4,30.7,10.9,1837
"Connecticut",2017,43266,91,39299,2002,11,1.48,3660,14.7,1.27,5662,30.4,3.7,91.4,6.3,4.8,NA,0,0,743729,12.6,39.5,60.5,0,1938,0,0,0,0,82,18,0,2213,73.1,26.9,0,1511
"Connecticut",2018,39837,92,36640,2076,8,1.09,3712,15.7,0.03,5788,32.3,2.9,91.2,5.4,5.2,0,0,0,736061,14.1,40.5,59.5,0,1964,25,75,0,4,81.8,18.1,0,2307,67.7,32.3,0,1513
"Connecticut",2019,41640,92,38374,2050,4,0.55,4095,15.5,0.24,6145,33.2,3.1,91.7,5.5,4.9,NA,0,0,727280,14.1,43.3,56.7,0,2158,100,0,0,3,83.9,16.1,0,2258,71.7,28.3,0,1726
"Connecticut",2020,38316,57,21653,1345,9,1.22,4085,14.9,0.15,5430,31.6,2.6,90.4,5.6,6,NA,0,0,738511,12.3,44.3,55.7,0,2151,100,0,0,4,84.8,15.2,0,1518,74,26,0,1757
"Connecticut",2021,36941,97,35929,1168,14,1.92,3873,20,0.14,5041,27.6,2.8,92.7,4.7,7.2,0.1,0,0,729710,12.7,47.6,52.4,0,2535,100,0,0,3,85.9,14.1,0,1291,75.9,24.1,0,1212
"Delaware",2017,6884,79,5433,448,4,1.96,746,11.6,0,1190,39.2,1.4,29.4,19.1,7.1,NA,17.5,0,204165,18.5,31.8,68.2,0,299,100,0,0,1,85.3,14.7,0,525,58.5,41.5,0,369
"Delaware",2018,6698,78,5251,403,4,1.96,728,13.3,0,1089,NA,NA,61.4,20.9,10.2,NA,16.5,0,204154,18.7,28.5,71.5,0,351,0,0,0,0,84.4,15.6,0,468,60.9,39.1,0,312
"Delaware",2019,6242,80,4992,300,13,6.36,664,15.5,0.22,930,38.5,NA,31,17.8,10.6,NA,13.3,0,204263,16.4,28.6,71.4,0,343,100,0,0,1,84.1,15.9,0,352,59,41,0,268
"Delaware",2020,5460,83,4524,273,5,2.4,546,15.6,0,821,38.2,NA,31.8,16.8,12.7,0,9.7,0,208446,16.7,24,76,0,279,100,0,0,2,86.1,13.9,0,317,67.6,32.4,0,222
"Delaware",2021,4583,90,4103,294,7,3.36,430,14.8,0.41,724,33.2,0.7,24.8,19,19.5,0,11.4,0,208294,16.8,25.1,74.9,0,211,100,0,0,2,83.9,16.1,0,335,65.9,34.1,0,176
"District of Columbia",2017,8602,98,8461,321,4,3.2,810,16.7,0.27,1131,NA,NA,92.7,18.4,3.9,NA,0.3,0,124821,25.6,42.2,57.8,0,481,0,0,0,0,84.6,14.9,0.6,363,63.4,36.6,0,287
"District of Columbia",2018,7850,98,7690,336,5,3.95,732,18.7,0.56,1068,NA,NA,91.8,17.5,3.6,1.4,0.1,0,126703,23.1,38.3,61.7,0,436,0,0,0,0,80.6,19.4,0,366,65,34.6,0.4,266
"District of Columbia",2019,7828,98,7672,360,3,2.34,701,17.2,0.28,1061,NA,NA,94.4,15.2,3.5,1.5,0.3,0,127952,18.9,35.3,64.7,0,380,100,0,0,2,70.7,29.1,0.2,409,64.8,34.8,0.4,270
"District of Columbia",2020,6830,97,6623,212,4,3.15,663,14.6,0.23,875,NA,NA,96.8,13.6,2.3,1.6,0,0.1,126860,21.1,41.6,58.4,0,351,100,0,0,1,76.2,23,0.8,244,55.6,44.4,0,279
"District of Columbia",2021,5806,97,5660,243,2,1.59,567,19.3,0.25,810,NA,NA,100.7,12.5,2.4,0.7,0,0,125835,23.9,33.2,66.8,0,349,100,0,0,4,67.8,31.8,0.4,255,51,48.5,0.5,202
"Florida",2017,263806,99,261101,16799,101,2.4,22935,9.6,0.04,39735,1.1,3,60.5,8.2,7.1,NA,46.3,0,4204867,20.3,41.5,58.5,0,7258,100,0,0,21,82.2,17.8,0,20764,66.8,33.2,0,11692
"Florida",2018,261888,99,259678,16175,111,2.63,23734,10.5,0.01,39909,1.3,3.2,61.5,8.5,7.9,NA,43.7,0,4226134,19.7,42.9,57.1,0,8253,100,0,0,17,81.3,18.7,0,20063,65.2,34.8,0,11576
"Florida",2019,257231,100,256547,15597,114,2.69,23538,10.8,0.02,39135,1.3,3.3,61.2,8.7,9.1,NA,43.1,0,4233967,17.7,43.3,56.7,0,8662,100,0,0,59,81.7,18.3,0,18977,64.8,35.2,0,11437
"Florida",2020,249319,98,243434,13392,101,2.36,23838,11.3,0.01,37230,1,3.4,61.9,8.5,8.4,NA,42.8,0,4282995,16.5,40.5,59.5,0,9250,98.4,1.6,0,61,84.5,15.5,0,16504,65.9,34.1,0,11415
"Florida",2021,245381,83,204847,13212,84,1.96,22949,12.5,0.01,36161,1.3,3.7,61.5,8.2,9.6,NA,41,0,4289280,17.8,41.1,58.9,0,9925,96.9,3.1,0,65,82.9,17.1,0,15763,69.7,30.3,0,10408
"Georgia",2017,142369,83,118415,7821,94,3.74,12216,12.5,0.35,20037,15.3,2.4,79,10.1,5.9,NA,0,0,2513811,21,36.8,63.2,0,5438,91.7,8.3,0,12,81.5,18.3,0.2,8980,61.2,38.7,0.2,5607
"Georgia",2018,154742,82,126671,8082,86,3.43,12968,13.8,0.18,21050,19.6,2.4,74,11.4,6.6,0.4,0,0,2509456,20.5,38.3,61.7,0,6340,100,0,0,7,82.2,17.6,0.2,9189,63.5,36.5,0,5514
"Georgia",2019,148538,81,119967,6468,68,2.71,13708,14.2,0.34,20176,19.8,2.7,68.8,11.9,8.5,0.5,0,0,2505399,18.7,39,61,0,6783,95.2,0,4.8,21,83.2,16.5,0.3,7610,63.5,36.4,0.1,5762
"Georgia",2020,3107,73,2277,4812,85,3.35,12805,16.3,0.3,17618,26,2.9,62.5,12.9,8.8,0.5,0,0,2534740,19,41.2,58.8,0,6902,100,0,0,19,85.1,14.8,0.1,5762,65.7,34.3,0,4935
"Georgia",2021,121841,94,115116,4718,92,3.64,11325,18.2,0.4,16043,24.1,2,66.7,11.6,7.5,0.6,0,0,2524302,20.2,43.7,56.3,0,6784,100,0,0,19,85,14.8,0.2,5320,66.9,33.1,0,3920
"Hawaii",2017,2049,61,1256,1179,4,1.31,1518,11.9,0.11,2697,1.4,1.2,13.1,8.7,4.7,NA,90.4,0,305360,11.5,53.3,46.7,0,599,0,0,0,0,89.4,7.1,3.4,1306,73.2,26.4,0.4,792
"Hawaii",2018,2106,60,1262,1224,1,0.33,1506,12.2,0.11,2730,0.4,1.1,13.2,8.3,5.8,0.1,93.2,0,303049,11.9,51.9,48.1,0,626,100,0,0,1,85.6,10,4.4,1363,78.8,21.2,0,740
"Hawaii",2019,2143,58,1238,1272,4,1.34,1603,12.2,0.59,2875,1,0.8,16.4,10.6,5.9,1.3,92.3,0,299419,12.4,57.9,42.1,0,684,100,0,0,1,87.6,8.9,3.5,1415,73.8,26.2,0,775
"Hawaii",2020,15033,63,9462,1029,0,0,1653,12.2,0.26,2682,2.1,0.8,21.6,9.9,7,1.3,93,0,309553,10.8,57,43,0,698,100,0,0,5,87,11.2,1.8,1177,77.7,22.3,0,802
"Hawaii",2021,13786,72,9988,1037,2,0.66,1519,13.1,0.63,2556,0.3,0.8,20.1,5.9,5.5,2,96.1,0,304399,13.6,57.4,42.6,0,662,100,0,0,5,87.7,10.2,2.1,1147,78.8,21,0.1,742
"Idaho",2017,16889,78,13113,1249,10,2.26,1438,9.4,0.04,2687,NA,0.5,80.3,22.1,4.3,NA,0.7,0,443043,15.3,40.9,59.1,0,457,0,0,0,0,87.6,12.4,0,1452,68.4,31.6,0,778
"Idaho",2018,18075,76,13699,1419,3,0.67,1537,10.4,0,2956,NA,0.5,82.3,19.6,5.4,0.1,0.5,0,445134,14.3,43.9,56.1,0,529,0,0,0,0,85.1,14.9,0,1656,65.9,34.1,0,771
"Idaho",2019,19595,76,14855,1322,3,0.67,1719,9.6,0.07,3041,NA,0.6,80.1,20.2,6.9,0.1,0.4,0,448116,13.2,44.5,55.5,0,584,100,0,0,4,83,16.9,0.1,1577,63,37,0,876
"Idaho",2020,16627,68,11356,1081,10,2.16,1566,11.9,0.08,2647,NA,0.3,55,43.8,8.2,0.1,0,0,462389,11.6,38.8,61.2,0,583,100,0,0,3,84.5,15.5,0,1278,63.9,36.1,0,783
"Idaho",2021,16099,74,11974,1346,3,0.64,1347,12.8,0.22,2693,NA,0.3,78.2,19.4,10.2,0.3,0.3,0,469026,13.1,36,64,0,572,0,100,0,2,84.9,15.1,0,1493,65.2,34.8,0,626
"Illinois",2017,151837,97,147095,4843,74,2.55,14879,23.3,0.75,19722,0.2,2.3,80,20.4,15,NA,0,0,2897055,17,30.4,69.6,0,10477,100,0,0,5,76.9,22.9,0.1,5021,60.3,39.7,0,4219
"Illinois",2018,150936,97,146225,5751,70,2.45,15367,23.2,0.6,21118,0.1,2.2,81.4,19.3,15.5,NA,0,0,2857349,16.2,30.7,69.3,0,10457,85.7,0,14.3,14,76.3,23.5,0.1,5994,61.3,38.7,0.1,4653
"Illinois",2019,167253,97,161625,6709,106,3.76,16323,20.6,0.72,23032,0.2,2.3,85,18.8,14.4,NA,0.2,0,2817312,15.7,34.8,65.1,0,10576,91.7,4.2,4.2,48,81.6,18.2,0.2,7056,63.4,36.6,0,5352
"Illinois",2020,182186,97,176442,7837,102,3.57,18059,19.1,0.84,25896,0.2,1.9,87.3,18,14.1,NA,0.2,0,2859985,13.8,38.2,61.7,0.1,11331,91.1,4.4,4.4,45,84.9,14.8,0.3,8210,65.4,34.5,0.1,6310
"Illinois",2021,201197,97,194411,6944,89,3.17,20333,18.7,0.77,27277,0.2,1.9,90.3,16.4,12.5,NA,0.1,0,2803224,16,43.4,56.5,0.1,12866,77.9,1.4,20.7,140,84.4,15.1,0.5,7333,68.3,31.5,0.2,6938
"Indiana",2017,177415,81,143670,12826,78,4.96,19255,10.8,0.26,32081,NA,NA,95.5,6.5,9.4,NA,0,0,1573905,18.4,49.7,50.3,0,7475,88.9,11.1,0,27,89.5,10.4,0,15553,72.9,27,0,9026
"Indiana",2018,198084,82,161884,10441,80,5.09,20252,12,0.2,30693,NA,NA,93.6,7,10.7,0.1,0,0,1572404,18,50.5,49.5,0,8435,90.9,9.1,0,22,89,10.9,0.1,13349,73.4,26.6,0,8887
"Indiana",2019,171851,81,140055,9180,116,7.39,18026,14.3,0.25,27206,NA,NA,94.2,7.1,11,0.1,0,0,1569375,15.2,50.3,49.7,0,8726,97.4,2.6,0,39,89.4,10.5,0.1,11226,74,26,0,7215
"Indiana",2020,154274,98,151461,8426,56,3.51,15876,14.4,0.24,24302,NA,NA,92.4,7.2,11.5,0.1,0,0,1594263,15.3,49,51,0,7793,96,4,0,25,89.4,10.5,0.1,10145,72.9,27.1,0,6339
"Indiana",2021,140758,99,138760,7291,57,3.59,14641,13.8,0.18,21932,NA,NA,92,6.5,12.2,0.1,0,0,1587006,16,48.3,51.7,0,6980,93.5,6.5,0,46,89.3,10.7,0,9048,71.9,28.1,0,5858
"Iowa",2017,55102,74,40572,4129,19,2.6,5259,9.9,0.22,9388,0.7,1,93.4,12.5,7.7,NA,6.1,0,731975,12.3,37.2,62.8,0,1502,100,0,0,6,90.1,9.9,0,4866,74,26,0,3014
"Iowa",2018,56601,73,41328,4181,16,2.19,5685,9.5,0.48,9866,0.8,1,84.7,11.4,6.6,NA,33,0,729802,13.5,40.9,59.1,0,1596,100,0,0,1,89.3,10.7,0,4932,74.3,25.7,0,3337
"Iowa",2019,56237,73,41257,3769,25,3.43,6005,10.4,0.38,9774,0.7,0.9,81.7,10.5,6.6,NA,36.8,0,728005,13,40.8,59.2,0,1744,100,0,0,14,91.1,8.9,0,4527,74.3,25.7,0,3489
"Iowa",2020,52527,82,42994,2628,9,1.21,5686,10.8,0.51,8314,0.9,0.8,104.4,10.7,6.7,0.1,0,0,741640,12.4,41.5,58.5,0,1733,100,0,0,15,90.6,9.4,0,3335,76.7,23.3,0,3231
"Iowa",2021,43689,86,37558,2904,12,1.63,4509,12.5,0.96,7413,1,1,105.7,11.1,6.4,0.2,0,0,736376,12.5,41.4,58.6,0,1566,100,0,0,5,89.9,10.1,0,3464,77.4,22.6,0,2378
"Kansas",2017,74683,83,62160,3997,14,1.97,7141,13.8,0.65,11138,18.4,2.6,19.6,24.7,18.8,NA,30.3,0,712412,14.8,41.1,58.9,0,3486,0,0,0,0,72.4,27.2,0.4,4715,60.2,39.7,0.1,2937
"Kansas",2018,74453,83,61925,4227,9,1.27,7537,14.4,0.16,11764,18.6,3.7,48.6,24.2,18.9,0,0,0,706593,14.9,43,57,0,3815,0,0,0,0,69.9,30,0.2,4960,57.8,42.2,0,2989
"Kansas",2019,61004,85,51613,4212,16,2.28,7852,14.1,0.25,12064,16.6,2.9,48.1,25.1,19.9,0.3,0,0,701453,14.7,41.2,58.8,0,3889,89.3,0,10.7,28,73.6,26.1,0.2,4917,55.4,44.6,0,3230
"Kansas",2020,78149,84,65958,3032,10,1.41,7817,14.2,0.15,10849,16.7,2.8,45.2,25.7,20.9,0.4,0,0,711338,13.7,39,61,0,3847,100,0,0,26,79,20.7,0.3,3676,59.7,40.2,0.1,3300
"Kansas",2021,77654,87,67628,3172,10,1.42,7112,16.8,0.24,10284,14.4,2,46.9,25,22.9,0.4,0,0,703064,13.4,39.8,60.2,0,4039,100,0,0,13,79.4,20.3,0.4,3582,62.8,37.2,0,2650
"Kentucky",2017,83688,98,81906,6009,10,0.99,7546,13.7,0.51,13555,0.2,2.2,106.4,7,3.9,NA,0,0,1010963,22.4,43.5,56.5,0,3699,100,0,0,7,85.5,14.5,0.1,6985,63.5,36.5,0,2864
"Kentucky",2018,91003,98,88943,7492,6,0.6,7856,13,0.5,15348,0.2,2.2,106.3,6.3,4,NA,0,0,1008017,23,41.4,58.6,0,3782,100,0,0,7,85.6,14.3,0.1,8570,61.9,38.1,0,2989
"Kentucky",2019,98142,97,95638,6629,12,1.19,9154,11.2,0.2,15783,0.2,1.9,106,6.9,4,NA,0,0,1004268,21.7,42.7,57.3,0,3913,100,0,0,49,85,14.9,0,8076,63.4,36.6,0,3745
"Kentucky",2020,99395,97,96223,5204,9,0.88,9015,12.9,0.27,14219,0.2,1.9,101.2,7.6,4.4,NA,0,0,1020754,19.3,45.2,54.8,0,4205,100,0,0,21,84.8,15.2,0,6265,64.4,35.6,0,3728
"Kentucky",2021,91791,97,88796,5100,11,1.08,8547,15.2,0.31,13647,0.4,1.7,99.6,7.4,5.7,NA,0,0,1015912,22.1,46.8,53.2,0,4555,100,0,0,37,85.1,14.8,0.1,5892,65.6,34.4,0,3163
"Louisiana",2017,48618,98,47427,3527,25,2.26,4377,11.7,NA,NA,0.4,NA,90.9,15.5,5.3,NA,0.1,0,1107942,28,36.5,63.5,0,1755,100,0,0,2,82.6,17.2,0.1,4077,58.1,41.8,0.1,2070
"Louisiana",2018,48768,97,47417,3654,25,2.28,4366,11.9,NA,NA,0.2,NA,90.7,14.9,5.1,0,0.1,0,1098318,26.2,37.7,62.3,0,1779,100,0,0,3,80.9,19,0.1,4233,57.2,42.8,0,2005
"Louisiana",2019,46866,95,44633,2769,24,2.2,4468,11.4,NA,NA,0.2,NA,91,12.6,5.2,0.1,0.1,0,1089906,27,34,66,0,1654,100,0,0,7,80.4,19.4,0.1,3380,56.1,43.9,0,2196
"Louisiana",2020,42516,97,41451,2414,18,1.64,3880,13.1,0.11,6294,0.3,NA,91.1,11.5,6,0,0.1,0,1096071,24.1,31,69,0,1636,100,0,0,9,81,18.8,0.2,2849,55.2,44.8,0,1800
"Louisiana",2021,37646,97,36671,2358,23,2.12,3494,13,NA,NA,0.1,NA,92.4,9.9,5.2,0.1,0.1,0,1082943,26.9,33,67,0,1545,100,0,0,18,81.9,17.8,0.3,2698,60.1,39.9,0,1591
"Maine",2017,19345,86,16602,820,NA,NA,1831,14.4,0.57,2651,35.1,NA,66.5,30.3,8.4,NA,0,0,252859,13.1,52.6,47.4,0,840,0,0,0,0,91,8.4,0.5,949,80,19.8,0.1,862
"Maine",2018,17795,84,15021,1080,3,1.2,1571,13.4,0.75,2651,35.2,NA,63.6,31,8.8,0,0,0,250465,14.5,49.3,50.7,0,686,0,0,0,0,87.3,12.2,0.6,1201,83.2,16.6,0.1,764
"Maine",2019,21324,86,18397,1246,3,1.2,1751,10.4,0.7,2997,35,NA,66.8,30.3,8.2,NA,0,0,249610,13.8,51.1,48.9,0,654,50,0,50,4,87.2,11.1,1.6,1356,77.3,22.7,0,983
"Maine",2020,23747,89,21170,1115,1,0.39,2068,12.6,0.85,3183,40.2,NA,68,29,8.1,0,0,0,254092,12,53.8,46.2,0,888,50,12.5,37.5,8,87.8,11.7,0.5,1238,75.7,24.3,0,1049
"Maine",2021,24054,93,22250,909,8,3.18,2272,14.9,0.63,3181,40.3,NA,66.4,25.1,7.4,0,0,0,251909,15.1,59.6,39.6,0.8,1183,75,0,25,8,84.8,14.1,1.1,1015,75.9,23.2,0.9,975
"Maryland",2017,36758,74,27207,2366,41,3.05,3753,14.8,0.47,6119,0.1,NA,65.2,23.1,24.1,NA,0,0,1345241,12,44.7,54.9,0.4,1925,78.9,10.5,10.5,19,85.9,11.7,2.4,2695,71,28.6,0.3,1480
"Maryland",2018,38094,72,27331,2413,40,2.98,3797,14.8,0.55,6210,0.3,NA,66.8,20.3,25.3,NA,0,0,1341430,11.6,44.9,54.7,0.4,1909,56.5,4.3,39.1,23,84.8,12.6,2.6,2714,68.3,31.5,0.2,1564
"Maryland",2019,38391,76,29355,1917,55,4.11,3871,14.5,0.54,5789,0.2,NA,65.1,20.9,25.9,NA,0,0,1338232,12,45.7,53.3,1,1920,89.3,0,10.7,28,84.6,13.3,2.1,2162,68.5,31.3,0.2,1679
"Maryland",2020,42190,89,37341,NA,50,3.63,NA,NA,1.34,5159,0.2,NA,62.5,20.3,29.5,NA,0,0,1376810,10.3,NA,NA,NA,NA,NA,NA,NA,NA,NA,NA,NA,NA,NA,NA,NA,NA
"Maryland",2021,40710,92,37331,1538,84,6.16,3953,19.6,1,5491,0.1,NA,59.8,19.3,33.8,NA,0,0,1363304,14,40.6,59.4,0,2436,58.6,3.4,37.9,29,83.7,11.8,4.5,1735,67.1,32.7,0.2,1291
"Massachusetts",2017,105039,78,82021,6103,14,1.02,10649,14.6,1,16752,NA,NA,104.1,9,2.9,NA,0,0,1374363,13.5,33.9,66.1,0,5437,100,0,0,6,68.5,31.3,0.2,7180,48.5,51.5,0,4129
"Massachusetts",2018,107916,80,86467,5789,14,1.02,10668,16.4,1.22,16457,NA,NA,104.5,8.6,3.3,0.9,0,0,1365956,12.2,32.5,67.5,0,5803,80,20,0,10,69.7,30.1,0.2,6741,46.1,53.8,0.1,3903
"Massachusetts",2019,107232,83,89400,5420,13,0.96,10382,16.5,0.96,15802,NA,NA,104.9,8.1,3.2,1.3,0,0,1353615,11.6,30,70,0,5685,100,0,0,17,73.2,26.5,0.3,6339,48.8,51.2,0,3761
"Massachusetts",2020,99589,87,86818,4594,NA,NA,9695,16.6,1.15,14289,NA,NA,103.9,8,3.3,1.3,0,0,1385886,10.7,28.2,71.8,0,5303,100,0,0,30,79.1,20.5,0.4,5410,53.3,46.7,0,3546
"Massachusetts",2021,96629,88,85432,4397,NA,NA,9196,18,1.13,13593,NA,NA,105,7.3,3.6,1.7,0,0,1362133,12.6,31.3,68.7,0,5453,66.7,33.3,0,15,77.7,21.7,0.6,4991,59.4,40.6,0,3134
"Michigan",2017,135062,98,132421,6854,51,2.34,11376,12.8,0.88,18230,0.4,1.9,85.2,25.2,3.7,NA,0,0,2181394,19.7,46.6,53.4,0,4891,100,0,0,6,87.2,12.6,0.2,7758,73.7,26.3,0,5575
"Michigan",2018,137047,98,134743,6208,49,2.26,11897,12.5,0.71,18105,0.6,2,85.8,24.1,3.8,0.1,0,0,2163590,19.4,47.4,52.6,0,5134,100,0,0,5,86.1,13.8,0.1,7078,71.8,28.1,0.1,5888
"Michigan",2019,134819,98,132656,5770,63,2.94,12075,13.7,0.88,17845,0.6,2.4,94.1,15.7,4,0.1,0,0,2144307,17.6,48.2,51.8,0,5649,96.9,3.1,0,32,87.7,12.2,0.2,6495,72.5,27.5,0,5669
"Michigan",2020,125415,81,101094,4386,43,1.97,11635,14.5,0.43,16021,0.6,2.2,92.3,15.2,4.5,0.1,0,0,2178387,17,49.4,50.6,0,5796,100,0,0,19,89.2,10.6,0.2,5020,75.5,24.5,0,5186
"Michigan",2021,108973,98,107030,3837,35,1.63,10637,16.6,0.49,14474,0.8,2.1,90.7,15.1,5.6,0.1,0,0,2153379,17.8,52.8,47.2,0,5886,100,0,0,9,89.4,10.3,0.3,4265,78.7,21.3,0,4314
"Minnesota",2017,82682,87,71707,7408,24,1.85,8468,10.4,0.81,15876,1.6,0.2,68.9,31.6,17.9,NA,0,0,1300061,11.8,37.3,62.7,0,2970,100,0,0,13,87.7,12.1,0.3,8675,65.8,34.2,0,4218
"Minnesota",2018,87661,87,76427,6743,30,2.3,9299,10.9,0.7,16042,1.6,NA,72,20.6,20.9,0.2,0,0,1303090,11.7,38.7,61.3,0,3452,90,0,10,10,88.3,11.3,0.4,8168,67.6,32.4,0,4412
"Minnesota",2019,81421,87,71081,6045,17,1.3,8969,12.1,0.37,15014,2,NA,71.7,15,23.7,0.4,0,0,1303212,11.2,38.2,61.8,0,3553,96.9,0,3.1,32,88.2,11.5,0.3,7325,70.4,29.6,0,4104
"Minnesota",2020,76351,87,66638,5007,21,1.58,8185,12.3,0.53,13192,2.6,NA,72.5,14.1,24.9,0.2,0,0,1329576,9.5,39.9,60.1,0,3453,100,0,0,16,87.8,11.8,0.4,6013,69.5,30.5,0,3710
"Minnesota",2021,68413,89,60981,4552,22,1.67,7532,13.4,0.55,12084,2.2,NA,74.3,11.3,26.4,0.3,0,0,1317567,10.8,40.3,59.7,0,3357,100,0,0,24,88.6,11.3,0.1,5478,71.8,28.2,0,3225
"Mississippi",2017,60259,91,55101,3195,40,5.6,5135,11.5,1.14,8330,15.3,3.9,80.6,15.2,11.7,NA,0.3,0,714850,26.9,42.6,57.4,0,2198,77.5,22.5,0,40,84.1,15.9,0,3789,66.9,33.1,0,2303
"Mississippi",2018,57587,93,53293,2520,30,4.24,5362,13.9,1.26,7882,16.9,4.5,79.2,15.7,12.7,NA,0.2,0,707663,27.8,45.8,54.2,0,2574,80,20,0,10,85.2,14.8,0,3112,65.8,34.2,0,2186
"Mississippi",2019,49964,93,46274,2396,35,5,4643,15.6,1.55,7039,17.4,5.2,77.6,16.4,14.2,0.2,0.1,0,699984,28.1,45.5,54.5,0,2462,88,0,12,25,84,15.8,0.2,2896,65.5,34.3,0.2,1656
"Mississippi",2020,44635,95,42457,1800,38,5.43,4084,16.3,2.23,5884,19.1,4.8,75.4,16.2,13.9,0.1,0.2,0,699669,26.1,43.7,56.3,0,2155,100,0,0,1,81.8,17.8,0.4,2223,66,33.8,0.2,1505
"Mississippi",2021,39595,93,36759,2029,49,7.07,3541,17.1,1.42,5570,17.3,4.5,75.5,15,15,0.1,0.3,0,692835,27.7,45.1,54.9,0,2007,91.7,8.3,0,24,82.7,16.9,0.5,2314,64.9,34.9,0.2,1225
"Missouri",2017,140985,98,137789,6774,33,2.38,12256,12.2,0.28,19030,10.5,3.6,60.3,30.5,28,NA,0,0,1383946,18.6,32.6,67.4,0,5112,100,0,0,5,80.2,19.8,0,7915,61.5,38.5,0,5998
"Missouri",2018,143600,96,137731,6963,36,2.61,12255,13.4,0.27,19218,10.7,3.2,56.8,30,32.4,NA,0,0,1379108,18.3,33.9,66.1,0,5478,100,0,0,4,79.2,20.8,0,7979,63.4,36.6,0,5757
"Missouri",2019,143611,95,136939,6889,46,3.35,12438,12.7,0.39,19327,12.3,3,53.9,30.3,33.4,0.2,0.1,0,1374703,17.1,33.1,66.9,0,5440,100,0,0,30,78.6,21.4,0,7879,62.8,37.2,0,5978
"Missouri",2020,146841,96,141174,6499,44,3.16,12545,13.1,0.28,19044,14.7,2.4,51.2,31.8,33.2,0.2,0,0,1390790,15.3,34.3,65.7,0,5602,100,0,0,22,80,20,0,7475,61.5,38.5,0,5945
"Missouri",2021,146738,97,142000,6819,75,5.42,12521,13.6,0.29,19340,13.8,2.6,54.3,30.9,32,0.2,0,0,1384557,16.2,36,64,0,5789,90.6,9.4,0,32,80.4,19.6,0,7484,66,34,0,6035
"Montana",2017,27038,83,22551,2361,4,1.74,3321,11.8,0.39,5682,0.9,0.2,105.2,4,2.8,NA,0,0,229481,14.7,44.9,55.1,0,1397,100,0,0,2,86.2,13.8,0,2689,68.5,31.5,0,1594
"Montana",2018,29539,82,24229,2312,2,0.87,3786,12.6,0.84,6098,0.5,0.1,106.3,3.5,3.2,NA,0,0,229210,16,46.7,53.3,0,1720,100,0,0,4,87.1,12.9,0,2665,69,31,0,1709
"Montana",2019,27000,80,21547,2178,2,0.87,3872,14,0.55,6050,0.6,0.3,104.5,4.6,2.5,NA,0.1,0,228888,14.9,46.7,53.3,0,1854,100,0,0,3,87.1,12.9,0.1,2575,70.6,29.4,0,1618
"Montana",2020,23497,83,19525,2022,5,2.14,3618,15.1,0.35,5641,0.6,0.3,106.4,5,2.9,0,0.2,0,234176,15,45.1,54.9,0,1839,100,0,0,15,87.9,12,0.1,2407,70.5,29.5,0,1380
"Montana",2021,25205,86,21772,1697,2,0.85,3339,15.4,0.24,5036,1.1,0.4,103.9,5.1,3,0,0.1,0,235070,14.1,44,56,0,1714,100,0,0,8,88.6,11.4,0,2026,72,28,0,1288
"Nebraska",2017,44405,91,40442,2644,1,0.21,3920,11.2,0.23,6564,0.8,0,89.8,11.9,7.7,NA,0,0,476177,14.1,43.1,56.9,0,1498,0,0,0,0,89.8,9.7,0.5,3070,74.7,25.3,0,1996
"Nebraska",2018,41631,91,37690,1869,0,0,4093,11.6,0.15,5962,0.6,0,84.7,13.1,11.4,0.1,0,0,476581,12.9,44.5,55.5,0,1569,100,0,0,1,89.8,9.8,0.4,2300,74.3,25.6,0.1,2092
"Nebraska",2019,36936,90,33140,2209,5,1.05,3434,13.9,0.21,5643,0.4,0.1,86.5,13,9.5,0.1,0,0,476033,11,44.3,55.7,0,1588,100,0,0,4,90.2,9.6,0.2,2492,73.8,26.2,0.1,1559
"Nebraska",2020,36339,92,33426,2069,2,0.41,3410,11.9,0.16,5479,0.4,0,84,13.7,10.7,0.5,0,0,487195,9.2,42.2,57.8,0,1441,100,0,0,13,90.5,9.1,0.4,2387,73.7,26.2,0.1,1638
"Nebraska",2021,38789,93,35992,2032,1,0.21,3479,12.5,0.31,5511,1,0,86.8,14.4,9.3,0.5,0,0,482884,12.5,45.5,54.5,0,1500,100,0,0,13,88.3,11.4,0.3,2286,74.6,25.2,0.1,1712
"Nevada",2017,45831,90,41356,3367,21,3.08,4186,12.7,0.21,7553,0.2,1.7,87.5,22.3,5.2,NA,0,0,682282,18.5,29.1,70.8,0.2,1795,100,0,0,3,81.5,17.1,1.4,3844,54.9,45,0.1,1911
"Nevada",2018,48086,91,43592,3154,19,2.76,4343,12.6,0.24,7497,0.3,1.6,88.7,19.4,6.5,NA,0,0,688989,17.7,29.3,70.7,0,1906,77.8,0,22.2,9,82.6,16.2,1.3,3658,57.8,42,0.1,1924
"Nevada",2019,47673,92,43645,3231,20,2.88,4490,13,0.39,7722,0.1,1.7,89.5,19.5,5.8,NA,0,0,694730,16.9,30.7,69.1,0.2,1990,42.9,0,57.1,14,81.9,16.6,1.5,3776,61.8,38.2,0,1942
"Nevada",2020,47946,92,44327,2788,14,2,4493,12.7,0.33,7281,0.4,1.5,85.9,20.9,7.3,NA,0,0,700974,16.5,33.9,66.1,0.1,1986,50,0,50,6,83.8,14.5,1.7,3236,61.2,38.6,0.2,2053
"Nevada",2021,46355,92,42771,2820,28,4.01,4324,13.8,0.53,7144,0.2,1.1,90.1,17.7,7.2,NA,0,0,698748,18.8,35.2,64.8,0,2026,0,0,100,2,82,16.2,1.8,3234,66.7,33.1,0.2,1882
"New Hampshire",2017,13140,98,12842,967,2,0.77,1072,9.7,0.2,2039,0.7,2.2,90.6,8.3,7.2,NA,0,0,260503,10.3,47.8,52.2,0,370,100,0,0,1,84.5,15.5,0,1109,68.2,31.8,0,559
"New Hampshire",2018,15095,97,14701,902,0,0,1238,10.9,0,2140,2,2.2,90.1,8.3,7.4,NA,0,0,258045,10.6,54.6,45.4,0,478,0,0,0,0,83.9,16.1,0,1038,71.5,28.5,0,624
"New Hampshire",2019,14192,97,13824,846,2,0.78,1265,12.3,0.05,2111,1.6,4.2,87.9,8.8,8.2,NA,0,0,255785,7.1,50.8,49.2,0,549,0,0,0,0,85.1,14.9,0,972,67.3,32.7,0,590
"New Hampshire",2020,13421,97,12964,677,2,0.77,1165,13.2,0,1842,3.8,2.4,87.8,7,10.1,0,0,0,258918,8.8,44.9,55.1,0,550,100,0,0,3,81.6,18.3,0.1,793,66.9,33.1,0,496
"New Hampshire",2021,12356,98,12052,591,3,1.17,1097,15.5,0,1688,4.1,3.2,85.8,10.4,8.1,0,0,0,256376,9.2,42.6,57.4,0,589,100,0,0,2,81,18.9,0.2,663,65.7,34.3,0,434
"New Jersey",2017,70369,98,69275,3726,13,0.66,6405,14.4,0.12,10131,0.8,2.2,82.8,14.1,10.8,NA,0,0,1964487,13.9,53.1,46.9,0,3182,100,0,0,1,87.3,12.7,0,4381,74.4,25.6,0,2567
"New Jersey",2018,63387,98,62105,3540,18,0.92,5842,14.7,0.32,9382,0.7,2.7,79.5,13.3,14,0,0,0,1954045,13.7,52.2,47.8,0,2961,100,0,0,6,86.9,13.1,0,4156,73.9,26.1,0,2259
"New Jersey",2019,54324,98,53175,2679,19,0.98,5437,14.8,0.28,8116,1.4,2.4,77.7,13,15.4,0.1,0,0,1943575,12.3,51.2,48.8,0,2719,100,0,0,15,87.4,12.6,0,3218,73.9,26.1,0,2164
"New Jersey",2020,44471,97,43155,1832,17,0.83,4370,15.7,0.13,6202,1.3,2.2,74.6,14.6,17.7,0.1,0,0,2047059,13.3,52.1,47.9,0,2291,100,0,0,9,90.6,9.4,0,2143,75.8,24.2,0,1759
"New Jersey",2021,39061,98,38387,1534,10,0.49,3753,17.3,0.13,5287,0.8,2.1,74.3,11.7,19.3,0.1,0,0,2023128,14.2,54.7,45.3,0,2143,100,0,0,15,90.8,9.2,0,1755,80.3,19.7,0,1374
"New Mexico",2017,28660,97,27928,1902,16,3.27,2577,15.5,0.11,4479,29.5,3.6,92,12.7,2.6,NA,0,0,489049,27.2,28.7,71.3,0,1397,83.3,0,16.7,6,84.4,15.6,0,2026,51.9,48.1,0,1050
"New Mexico",2018,27679,98,27012,1679,12,2.49,2620,16.7,0.19,4299,30,3.4,90.2,12.6,3.8,NA,0,0,482442,26.3,29.6,70.4,0,1495,100,0,0,7,82.6,17.4,0.1,1801,54.4,45.6,0,996
"New Mexico",2019,25512,98,24878,1447,11,2.31,2486,18.1,0.03,3933,29,3.4,95.5,12.6,2.8,NA,0,0,477209,24.9,31.4,68.6,0,1464,100,0,0,3,81.3,18.7,0,1564,48.4,51.6,0,902
"New Mexico",2020,23663,98,23256,1184,13,2.7,2305,19.3,0.26,3489,30.2,3.3,94.9,14.2,3.8,NA,0,0,481889,23.1,29.6,70.4,0,1397,100,0,0,11,84.2,15.8,0,1306,52.5,47.5,0,775
"New Mexico",2021,20677,98,20292,929,10,2.11,2098,18.9,0.17,3027,31.4,3.5,93.5,12.3,3.8,NA,0,0,473221,23.9,27.3,72.7,0,1248,100,0,0,1,81.6,18.2,0.2,1042,62.2,37.8,0,736
"New York",2017,179891,93,167636,9428,127,3.09,16887,19.1,3.28,26316,0.8,7,109.8,10.2,3.2,NA,31.1,0,4114612,19.7,47.8,52.2,0,10139,58.2,41.8,0,55,85,15,0,10708,70.8,29.2,0,5414
"New York",2018,176158,93,164516,8600,118,2.9,16391,17.1,1.68,24991,0.8,6.9,110.1,10,3.7,NA,31.3,0,4074414,18.6,46.9,53.1,0,9133,48.4,51.6,0,31,84,16,0,9838,71.5,28.5,0,5989
"New York",2019,170596,93,158800,8337,69,1.71,15717,16.9,1.5,24054,0.8,7,110.5,9.5,3.6,NA,29.9,0,4031894,18.1,47.3,52.7,0,8904,73.5,26.5,0,34,83,17,0,9459,68.7,31.3,0,5657
"New York",2020,167479,89,149246,6576,105,2.49,15398,17,1.74,21975,1,6,109.2,9.4,3.9,0,31.2,0,4211897,16.6,48.4,51.6,0,8827,82.6,17.4,0,46,85,15,0,7534,70.2,29.8,0,5568
"New York",2021,158509,94,149671,6353,126,3.06,15344,19.5,1.38,21697,0.9,5.4,112.5,7.8,4.1,0,3.3,0,4113323,18.5,51.2,48.8,0,9657,80.8,19.2,0,52,84.5,15.5,0,7122,71.5,28.5,0,4866
"North Carolina",2017,114108,90,102955,5830,18,0.78,9671,12.5,0.45,15501,1.6,0.8,54,25.3,20,NA,1.3,1.1,2302931,21.2,45,55,0,4292,66.7,33.3,0,3,91,9,0,6784,77.2,22.8,0,4422
"North Carolina",2018,116733,91,106657,5531,14,0.61,9710,13,0.37,15241,1.6,0.8,51.5,27.6,20.1,NA,1.3,1,2304529,20.2,42.4,57.6,0,4430,29.4,70.6,0,17,90.5,9.5,0,6397,76,24,0,4397
"North Carolina",2019,117439,92,107854,5564,5,0.22,10112,13.7,0.47,15676,2,1,46.3,28.9,22,NA,2,0.8,2304554,19.5,45.6,54.4,0,4833,90.9,9.1,0,11,88.5,11.5,0,6322,72.5,27.5,0,4510
"North Carolina",2020,117654,91,106689,5119,23,1,10045,13.8,0.26,15164,0.7,4.4,95.3,5,4.6,0,0.9,0,2305587,18.5,38.5,61.5,0,4922,96.7,3.3,0,30,88.4,11.6,0,5790,71.9,28.1,0,4422
"North Carolina",2021,116552,92,107102,5431,45,1.96,9816,15.1,NA,NA,4.7,4.5,97.8,5.2,5.4,0,0.6,1,2301503,18.1,29.8,70.2,0,5091,92.6,7.4,0,27,80.3,19.4,0.3,6144,58.3,41.7,0,3985
"North Dakota",2017,15817,79,12528,1086,1,0.57,1375,13.3,0,2461,40.9,2.2,79.4,8.2,2.4,NA,0,0,176649,10.9,27.4,72.6,0,632,100,0,0,5,81.3,18.5,0.2,1249,51.3,48.7,0,575
"North Dakota",2018,15954,78,12450,1165,8,4.48,1448,13.5,0.15,2613,39.6,2.7,78.3,9.4,3,NA,0,0,178524,9.9,29.7,70.3,0,671,100,0,0,1,78.8,21.2,0,1339,52.5,47.5,0,602
"North Dakota",2019,16518,79,13111,987,6,3.32,1531,13,0.12,2518,28.7,2.8,80,7.5,3.7,NA,0,0,180584,10.2,32.6,67.4,0,705,100,0,0,14,80.7,19.3,0,1171,58.1,41.9,0,628
"North Dakota",2020,15558,79,12309,990,5,2.67,1461,15.1,0.08,2451,29.1,2.1,78.5,8.5,3.2,NA,0,0,187338,12,35.4,64.6,0,741,100,0,0,4,75,25,0,1149,53.7,46.3,0,557
"North Dakota",2021,15884,82,13099,950,4,2.15,1511,13.9,0,2461,21.4,1.6,80.7,7.9,4.7,NA,0,0,185701,10.5,33.5,66.5,0,743,100,0,0,2,78.1,21.8,0.1,1141,51.5,48.5,0,575
"Ohio",2017,154896,88,135571,11845,73,2.8,13350,10.6,0.42,25195,3.8,2.1,48.4,50.5,18,NA,0,0,2609137,20.1,44.9,55.1,0,4887,100,0,0,12,89.2,10.7,0.1,14175,70.3,29.7,0,6121
"Ohio",2018,166321,86,142607,12325,106,4.08,14419,10,0.43,26744,5.9,1.8,48.3,48.3,18.2,0.1,0,0,2595584,19.5,44.8,55.2,0,5016,100,0,0,5,88.9,10.9,0.2,14962,70.2,29.8,0,6761
"Ohio",2019,169116,85,144458,12410,79,3.06,15030,10.5,0.49,27440,6.7,2,49.2,47.8,18.3,0.1,0,0,2581403,18.4,44,56,0,5292,98.1,1.9,0,53,89.3,10.5,0.2,14838,70.7,29.3,0,7257
"Ohio",2020,173766,82,141673,10720,94,3.58,15755,10.6,0.37,26475,7.1,1.6,47.5,50.6,18.5,0.1,0,0,2625734,16.8,46.2,53.8,0,5864,94.6,2.7,2.7,37,88.5,11.3,0.2,13103,71.7,28.3,0,7471
"Ohio",2021,161155,80,129640,10505,98,3.76,15268,12.5,0.35,25773,7,1.8,50.1,48.8,18.6,0.1,0,0,2605629,18.6,47.4,52.6,0,6546,100,0,0,33,89,10.7,0.3,12461,71.2,28.7,0,6733
"Oklahoma",2017,104704,95,98962,5128,21,2.19,10011,14.3,1.23,15139,27,1.3,82.3,14.2,4.8,NA,0,0,959142,21.5,28.7,71.3,0,4637,100,0,0,2,77.4,22.3,0.3,5813,58.1,41.9,0,4687
"Oklahoma",2018,97267,94,91812,4705,47,4.92,9257,12.8,1.09,13962,31.1,1.7,79.5,12.5,4.6,0,0,0,955996,21.7,30.9,69.1,0,3910,100,0,0,7,81.4,18.3,0.3,5351,59.1,40.9,0,4694
"Oklahoma",2019,91088,94,85678,4529,23,2.41,8584,13.2,0.69,13113,33.6,1.8,78.2,12.8,4.7,0,0,0,953923,19.9,33.1,66.9,0,3665,50,33.3,16.7,6,80.2,19.6,0.2,5133,63.1,36.9,0,4309
"Oklahoma",2020,89064,95,84581,4051,42,4.37,8280,12.6,0.88,12325,34.8,1.8,76,13.5,5.4,0,0,0,961619,18.9,35.4,64.6,0,3483,100,0,0,25,80.2,19.6,0.2,4583,63.5,36.5,0,4240
"Oklahoma",2021,86464,95,82289,3461,15,1.56,8035,13.7,1.04,11496,33.2,2.3,76.5,13,5.6,0.1,0,0,961530,21.2,39.1,60.9,0,3753,100,0,0,15,78.4,21.5,0.2,3953,66.2,33.8,0,3775
"Oregon",2017,76479,73,55771,4157,30,3.44,7261,14.4,0.95,11418,1.5,1.5,58.9,10.3,7.7,NA,50.9,0,872913,16.5,41.3,58.7,0,3575,100,0,0,1,82,17.8,0.3,4752,65.6,34.3,0,3090
"Oregon",2018,78380,74,58032,3586,26,2.99,7555,13.7,0.74,11141,2.1,1.2,55.3,11.8,7.6,0.2,51.3,0,868879,15.7,41.5,58.5,0,3689,66.7,33.3,0,3,80.6,19.1,0.3,4193,66.2,33.8,0,3256
"Oregon",2019,72927,75,54823,3334,23,2.66,7195,15.8,0.86,10529,2,1.4,53.8,12.6,8.1,0.3,51.4,0,864815,13.1,43,57,0,3861,100,0,0,14,80.9,18.8,0.2,3867,66,33.9,0,2787
"Oregon",2020,67156,82,55229,2743,17,1.95,6720,16.3,0.2,9463,1.9,0.6,51.3,12.2,6.8,0.2,55.2,0,873064,11.8,43.1,56.9,0,3622,100,0,0,5,82.9,16.7,0.3,3305,66.6,33.4,0,2531
"Oregon",2021,59071,85,50190,2413,18,2.09,5868,16.6,0,8281,1.8,NA,46.5,11.7,9.2,0,61.3,0,861351,13.5,41.3,58.7,0,3222,100,0,0,12,82.2,17.5,0.3,2803,67.6,32.3,0.1,2244
"Pennsylvania",2017,3007,99,2972,10998,42,1.58,15554,13.1,0.2,26552,1.2,5.6,8.1,43.3,46.9,NA,1.6,0,2665549,17,44.1,55.9,0,7220,100,0,0,6,87.1,12.9,0,12647,68.5,31.5,0,6679
"Pennsylvania",2018,2987,98,2925,10155,45,1.7,16342,13.4,0.11,26497,1.3,4.6,8.7,44.3,46.9,0.3,1,0,2653058,16.8,46.3,53.7,0,7742,100,0,0,11,87.9,12.1,0,11763,69.4,30.6,0,6981
"Pennsylvania",2019,2952,97,2867,9528,54,2.05,16056,14.2,0.14,25584,1.2,4.7,10.1,45.7,44.9,0.7,0.5,0,2635819,16.9,47.3,52.7,0,7920,100,0,0,43,86.8,13.2,0,10961,70.4,29.6,0,6660
"Pennsylvania",2020,3110,99,3065,7254,67,2.48,15162,14.2,0.18,22416,1,3.7,9.6,45.8,46.6,0.9,0.3,0,2700980,14.4,50.2,49.8,0,7533,100,0,0,23,89.1,10.8,0.1,8543,72.2,27.8,0,6317
"Pennsylvania",2021,3567,98,3492,7499,65,2.43,13968,16.8,0.2,21467,1.2,3.2,10.8,46.1,46.6,1,0.3,0,2674009,16.9,55.4,44.6,0,7920,100,0,0,29,89.4,10.4,0.1,8461,76,23.9,0,5057
"Puerto Rico",2017,31227,91,28532,NA,6,0.92,NA,NA,2.07,1014,52.9,8.6,60.5,24.9,2.5,NA,0.4,0,651536,57.8,NA,NA,NA,NA,NA,NA,NA,NA,NA,NA,NA,NA,NA,NA,NA,NA
"Puerto Rico",2018,28336,93,26316,877,3,0.51,2078,21.6,0.27,2188,48.2,9.1,64.7,25.9,2.3,0,0.6,0,591875,56.9,30.8,69.2,0,1317,66.7,33.3,0,6,64,36,0,961,52.9,47.1,0,671
"Puerto Rico",2019,23708,92,21801,981,5,0.87,2154,21.8,0.38,3150,49.6,11.4,69.7,24.6,2.5,0,0.7,0,572801,56.8,28.6,71.4,0,1326,71.4,28.6,0,7,65.7,34.3,0,1150,46.9,53.1,0,653
"Puerto Rico",2020,23479,93,21923,590,5,0.88,2171,18.4,0.14,2761,53.1,13.3,70,25,2.7,0,0.9,0,567614,NA,26.2,73.8,0,1156,100,0,0,1,72.5,27.5,0,720,48,52,0,733
"Puerto Rico",2021,20967,97,20349,761,7,1.28,1926,23.3,0.89,2687,57.1,12.7,76.5,19.7,3.9,0,1,0,545790,54.9,27.8,72.2,0,1295,45.5,54.5,0,11,78.9,21.1,0,828,55.5,44.5,0,553
"Rhode Island",2017,19732,62,12150,1263,5,2.42,1600,12.3,2.06,2863,36.3,1.6,61.2,14.8,3.3,NA,2.2,0,206942,16.6,49.6,50.4,0,677,100,0,0,2,88.9,11.1,0,1462,74.9,25.1,0,722
"Rhode Island",2018,22729,63,14256,1323,1,0.49,1786,10.2,1.8,3109,37.1,1.1,61.8,14.7,4.7,NA,1.3,0,206059,18,49.9,50.1,0,643,100,0,0,1,87.5,12.5,0,1555,73.3,26.7,0,910
"Rhode Island",2019,22966,71,16396,1111,3,1.47,1947,11.4,2.06,3058,36.8,1.8,63.1,13.8,4.5,0,2.2,0,203923,14,48.5,51.5,0,788,100,0,0,8,89.8,10.2,0,1282,76.6,23.4,0,980
"Rhode Island",2020,24841,67,16571,880,2,0.94,2177,13.6,2.19,3057,38.5,1.3,59.8,13.5,4.9,0,2.6,0,212350,11.5,55.7,44.3,0,1051,100,0,0,3,90.9,9.1,0,1024,76.5,23.5,0,979
"Rhode Island",2021,22274,64,14203,777,2,0.96,2105,16.5,1.42,2882,37.4,1.5,63.8,12.1,5.1,0,1.2,0,208827,15,57.2,42.8,0,1145,100,0,0,3,92.1,7.9,0,901,79.5,20.5,0,833
"South Carolina",2017,44025,72,31589,3686,28,2.53,3893,11.6,0.5,7579,0.8,2.1,58.3,55.3,4.9,NA,0.4,0,1104965,22.6,33.5,66.5,0,1680,100,0,0,2,82.4,17.5,0.1,4414,53.8,46.2,0,1483
"South Carolina",2018,45850,68,31406,4098,39,3.52,3949,12.1,0.67,8047,0.8,2.1,63.1,55.5,5,NA,0.1,0,1108588,22.6,27.7,72.3,0,1755,0,0,0,0,81.5,18.3,0.2,4730,53.8,46.1,0.1,1562
"South Carolina",2019,48620,68,33221,3958,60,5.39,4342,11.4,0.41,8300,0.6,2,57.7,57.9,5.1,NA,0.1,0,1113673,19.7,28.7,71.3,0,1868,100,0,0,16,77.1,22.7,0.2,4779,53.9,46.1,0,1637
"South Carolina",2020,47336,64,30316,2961,36,3.23,4458,12.2,0.61,7419,7.4,2.3,60.5,46.7,5.2,0.2,0,0,1114257,18.9,28.9,71.1,0,1966,100,0,0,6,74.7,25.1,0.2,3772,50.4,49.5,0.1,1675
"South Carolina",2021,43175,69,29774,2709,41,3.67,3993,14.8,1,6702,5.6,2.4,63.7,45.4,5.3,0.5,0,0,1117092,20.1,28.6,71.4,0,2095,100,0,0,9,73.3,26.6,0.2,3135,48.9,51.1,0,1463
"South Dakota",2017,16730,97,16195,1184,5,2.31,1387,11.1,0.16,2571,1.4,NA,93.8,11.7,4.5,NA,0,0,216108,16.6,31.8,68.2,0,547,100,0,0,1,83,17,0,1334,67.8,32.2,0,689
"South Dakota",2018,17439,95,16572,1144,3,1.38,1561,11.4,0.04,2705,2.5,NA,95.9,8.1,2.9,NA,0,0,216722,16.4,34.1,65.9,0,599,100,0,0,2,85.6,14.4,0,1317,61.6,38.4,0,787
"South Dakota",2019,17653,93,16504,1215,9,4.13,1518,12.7,0.26,2733,1.2,NA,97.3,9.4,3.8,NA,0,0,217817,15,34,66,0,699,100,0,0,5,81.6,18.4,0,1377,59.5,40.5,0,652
"South Dakota",2020,18684,94,17543,1115,12,5.45,1676,11.7,0.47,2791,2.7,NA,95.8,9.8,5.4,0.1,0,0,220094,13.5,34.9,65.1,0,691,0,0,0,0,82.8,17.2,0.1,1335,59.3,40.7,0,765
"South Dakota",2021,18135,94,17057,1013,9,4.08,1616,13.2,0.04,2629,3.9,NA,95.5,9.7,5.6,0.1,0,0,220429,14.6,31.4,68.6,0,742,100,0,0,9,83.1,16.9,0,1184,61.5,38.5,0,694
"Tennessee",2017,82033,77,62951,6679,33,2.19,6566,9.7,0.14,13246,2.4,1.4,24.6,62.3,27.6,NA,0,0,1507817,21.2,35,65,0,2269,100,0,0,1,67.9,31.8,0.2,7730,51.5,48.4,0.1,3246
"Tennessee",2018,86085,75,64135,6888,47,3.11,7282,8.8,0.19,14170,3.1,1.9,22.2,62.6,27.8,0.9,0,0,1510375,22.3,36.6,63.3,0,2397,100,0,0,1,67.8,31.9,0.2,8125,50.3,49.7,0.1,3647
"Tennessee",2019,90342,76,68348,6719,43,2.85,7652,9.8,0.17,14371,4,1.5,25.2,61.9,25.2,1.1,0,0,1510976,19.7,35.2,64.7,0.1,2699,94.1,5.9,0,17,68.6,31.1,0.3,7849,50.2,49.8,0,3806
"Tennessee",2020,93390,82,76596,5860,34,2.21,8814,9.8,0.29,14674,5.4,1.5,25.7,59.8,26.9,1.2,0,0,1540917,18.8,33.4,66.6,0,3113,66.7,33.3,0,12,66,33.7,0.4,7344,50.2,49.8,0,4205
"Tennessee",2021,91884,89,82117,6185,32,2.08,8373,12.2,0.3,14558,3.9,1.5,22.9,58.2,31.1,1.4,0,0,1540674,18.1,42.7,57.3,0,3496,75,25,0,12,78.1,21.3,0.6,7171,60.3,39.6,0.1,3879
"Texas",2017,344159,88,304523,19840,186,2.53,30491,10.4,0.27,50331,0.6,1.9,85.3,14.4,10,NA,0,0,7365787,20.9,21.7,78.3,0,10248,93.5,6.5,0,31,83.5,16.5,0,23950,56.8,43.2,0,16102
"Texas",2018,362204,89,322480,20497,200,2.71,31864,10.7,0.23,52361,0.6,1.9,86.2,13.1,10.4,0,0,0,7382686,21.1,23.2,76.8,0,10320,89.3,10.7,0,28,83.1,16.9,0,24916,56,44,0,17097
"Texas",2019,355643,89,317064,18455,229,3.09,32642,10.8,0.24,51097,0.6,1.8,86.1,12.3,10.9,0,0,0,7406777,19.2,21.7,78.3,0,10580,94.6,5.4,0,74,82.8,17.2,0,22755,56.2,43.8,0,17688
"Texas",2020,337878,91,308415,16434,255,3.41,31108,11.3,0.44,47543,0.5,1.5,87.6,11.5,10.2,0.1,0,0,7486091,19,21.6,78.4,0,10884,96.3,3.8,0,80,84.2,15.8,0,19948,55.6,44.4,0,16631
"Texas",2021,332345,92,305571,15127,206,2.76,29802,12.1,0.84,44929,0.5,1.5,86.1,10.9,11.7,0.1,0,0,7475433,19.6,21.3,78.7,0,11267,89.1,10.9,0,46,81.1,18.9,0,17936,56.3,43.7,0,15680
"Utah",2017,30757,100,30682,2284,13,1.4,2778,8.6,0.43,5062,29.1,0.5,30.6,46.6,17.8,NA,1.5,0,928062,10.7,15.5,84.4,0.1,762,100,0,0,10,78.3,20,1.7,2838,53.3,46.1,0.6,1452
"Utah",2018,29292,100,29249,1979,10,1.08,2895,9.2,0.43,4874,29,0.5,29.8,46.9,17.4,NA,1.9,0,930162,9.5,16.7,83.1,0.1,807,100,0,0,5,79.7,19.1,1.3,2533,56.2,42.7,1.1,1529
"Utah",2019,26525,100,26499,2020,11,1.18,2552,10,0.2,4572,31.2,0.4,29.1,44.8,17.7,0.1,1.3,0,929940,9.9,19.6,80,0.4,720,54.5,0,45.5,11,79.6,18.8,1.6,2510,55.4,44.1,0.5,1331
"Utah",2020,25881,100,25869,1625,6,0.63,2469,8.8,0.42,4094,37.5,0.6,27.3,39.5,17.2,0.1,1.5,0,949355,7.3,18.8,81.1,0.1,682,66.7,0,33.3,3,78.9,20,1.1,2025,58.1,40.9,1,1384
"Utah",2021,23371,100,23367,1522,4,0.42,2348,11.3,1.24,3870,40.1,0.5,27.1,42.7,14.5,0.1,1,0,947243,8.1,24.6,75.4,0,763,88.2,0,11.8,17,82.9,15.1,2,1844,55.8,43.2,1,1246
"Vermont",2017,12719,54,6888,756,0,0,1257,14.1,0.1,2013,NA,1.3,2.8,65.4,45.4,NA,0,0,117146,13.8,36.6,63.4,0,609,100,0,0,1,74.3,25.7,0,837,60.2,39.8,0,566
"Vermont",2018,13366,55,7378,881,1,0.86,1164,13.9,0.15,2045,0.6,1.7,1.1,63.9,43.9,NA,0,0,115630,12.1,36.4,63.6,0,568,100,0,0,1,78.9,21.1,0,974,57,43,0,502
"Vermont",2019,13384,54,7211,736,1,0.87,1249,12.3,0.15,1985,2,2.7,3.1,62.7,43.7,NA,0,0,114325,10.2,33,67,0,533,100,0,0,1,75.1,24.9,0,837,60.6,39.4,0,614
"Vermont",2020,12708,74,9360,556,0,0,1185,14.2,0.23,1741,0.4,2.3,0.9,78.3,25.7,NA,0,0,118351,9.8,37.8,62.2,0,571,0,0,0,0,76,24,0,671,59.3,40.7,0,499
"Vermont",2021,11999,78,9344,591,1,0.85,1043,15.4,0.18,1634,0.8,2.8,1,80.6,30.4,NA,0,0,116976,10.4,41.4,58.6,0,543,100,0,0,1,75.3,24.7,0,665,56.5,43.5,0,425
"Virginia",2017,51074,78,39903,2741,41,2.19,4894,13.9,0.2,7635,1.4,2.2,66.9,30.6,11.1,NA,0.1,0,1872961,14,40.5,59.5,0,2300,100,0,0,3,84.9,15,0.1,3190,65.6,34.4,0,2142
"Virginia",2018,49762,78,38995,2940,37,1.98,4814,14.4,0.13,7754,1.5,2.4,68.3,29.4,11.5,NA,0,0,1870042,13.7,39.8,60.2,0,2342,89.7,2.6,7.7,39,83.5,16.3,0.2,3320,64.7,35.3,0,2053
"Virginia",2019,50648,79,40236,2800,49,2.62,4812,13.5,0.25,7612,1.1,2.4,67,29.2,12.7,NA,0,0,1868689,13.4,37.6,62.4,0,2259,89.5,5.3,5.3,57,82.3,15.7,1.9,3114,62.7,37.1,0.1,2182
"Virginia",2020,52586,82,42938,2505,39,2.05,4946,13.8,0.19,7451,1.7,2.3,68.9,28,12.7,0.1,0.1,0,1898856,12.1,37.5,62.5,0,2374,93.5,2.2,4.3,46,86.8,13.1,0.1,2813,65.2,34.7,0,2218
"Virginia",2021,48994,88,43126,2335,51,2.71,5235,16.5,0.21,7570,1.3,2.3,70,25.4,15.2,0.1,0.1,0,1884826,13.1,37.8,62.1,0,2891,58.3,16.7,25,12,86.1,13.7,0.2,2595,65.4,34.5,0.1,2072
"Washington",2017,115100,88,101693,5922,18,1.09,10856,16.4,0.08,16778,NA,NA,89.1,22.3,11.1,NA,0,0,1651656,14.3,39.6,60.4,0,6062,100,0,0,4,81.5,18.3,0.2,6398,63.1,36.9,0,4314
"Washington",2018,118593,88,104484,5568,28,1.69,11253,16.8,0.07,16821,NA,NA,90.5,22.3,12,1,0,0,1657823,12.5,39.5,60.5,0,6345,100,0,0,2,83.3,16.4,0.3,6052,63,37,0,4422
"Washington",2019,114889,88,101123,5336,25,1.51,11246,17.4,0.06,16582,NA,NA,89.7,23.9,12,0.4,0,0,1661024,12,39.7,60.3,0,6652,92.3,0,7.7,13,81.1,18.8,0.1,5819,65.1,34.9,0,4098
"Washington",2020,105251,92,96933,4308,14,0.83,10800,18.3,0.09,15108,NA,NA,88.8,23,12,0.8,0,0,1693011,11.3,39.9,60,0,6436,100,0,0,16,84.6,15.1,0.2,4820,65.1,34.8,0,3836
"Washington",2021,93389,96,89449,3849,19,1.13,9505,20,0.07,13354,NA,NA,88,21.9,15.2,0.7,0,0,1676122,12,40.3,59.7,0,6100,100,0,0,16,85,14.9,0.1,4186,69,30.9,0.1,3052
"West Virginia",2017,63010,67,42464,5020,17,4.6,5541,8.6,0.21,10561,65.9,4.7,42.2,82.4,3.7,NA,0,0,369641,25.9,42.2,57.8,0,1612,100,0,0,8,91,9,0,5947,72.9,27.1,0,2994
"West Virginia",2018,70327,63,44070,5154,8,2.19,6487,8.8,0.11,11642,65.4,5.1,42.1,83.8,3.3,NA,0,0,365119,24.5,44.3,55.7,0,1835,100,0,0,5,90,10,0,6228,76,24,0,3574
"West Virginia",2019,73049,61,44416,5105,17,4.72,6989,9.9,0.14,12094,66.1,5.7,42,84,3.7,NA,0,0,360439,20.1,46.1,53.9,0,2050,100,0,0,17,90.7,9.3,0,6101,75.7,24.3,0,3926
"West Virginia",2020,76023,78,59057,4707,12,3.31,7141,9.8,0.28,11849,67.9,5.5,42.6,83.5,4,NA,0,0,362716,21.7,46.9,53.1,0,2253,100,0,0,27,89.9,10.1,0,5603,74.5,25.5,0,3966
"West Virginia",2021,74689,70,52222,4710,9,2.51,7199,11.2,0.21,11911,66.9,4.6,44.7,79.9,4.1,0,0,0,359031,20.7,49.2,50.8,0,2472,100,0,0,25,90.7,9.3,0,5563,75.2,24.8,0,3851
"Wisconsin",2017,88213,88,77207,5175,31,2.41,7051,12.7,0.12,12226,0.8,NA,70.7,16.4,20.9,NA,0,0,1283936,14.5,49.5,50.5,0,3194,100,0,0,3,87.8,12.2,0,5929,72,28,0,3100
"Wisconsin",2018,91595,86,78805,4988,24,1.88,7552,12.1,0.26,12540,0.6,1,69.8,15.8,22.5,1.5,0,0,1276066,14,50,50,0,3303,100,0,0,6,88.3,11.6,0,5802,72.7,27.3,0,3429
"Wisconsin",2019,86774,87,75113,4620,34,2.68,7651,13.2,0.11,12271,0.7,2.1,71,16.5,21.5,1.2,0,0,1267935,13.5,51.8,48.2,0,3420,88.9,11.1,0,27,86.4,13.2,0.4,5443,74.6,25.3,0.1,3381
"Wisconsin",2020,83655,82,68885,4001,32,2.48,7433,13.8,0.2,11434,0.6,1.6,69.5,15.9,22.7,1.2,0,0,1289310,12.2,54.6,45.4,0.1,3518,93.3,6.7,0,15,87.9,11.6,0.5,4796,72.2,27.7,0.1,3105
"Wisconsin",2021,78491,88,69397,3616,22,1.73,6970,14.3,0.19,10586,1,1.2,69.8,13.3,24.8,1.4,0,0,1274756,13.4,54.7,45.2,0.1,3473,88.9,11.1,0,9,87.3,11.5,1.2,4242,73.4,26.4,0.2,2862
"Wyoming",2017,11317,69,7789,1134,4,2.93,928,9.1,0.24,2062,30.5,1.2,75.9,1.5,6.7,NA,0.3,0,136349,13.3,47.6,52.4,0,313,100,0,0,1,93,7,0,1346,70.6,29.4,0,402
"Wyoming",2018,10304,66,6767,1068,1,0.74,1030,7.8,0.24,2098,33.2,1.1,81.5,1.3,6.7,NA,0.6,0,134683,13.8,48,52,0,306,0,0,0,0,90.6,9.4,0,1339,73.5,26.5,0,453
"Wyoming",2019,11113,69,7697,1042,0,0,1033,9.3,0,2075,32.8,0.6,77.3,1.9,6.6,NA,0,0,133577,11.6,50,50,0,296,100,0,0,9,90.1,9.9,0,1302,70.1,29.9,0,468
"Wyoming",2020,9764,73,7166,854,3,2.24,933,8.6,0.67,1787,35.2,0.3,81.5,2.3,4.6,NA,0.5,0,133739,8.5,45.4,54.6,0,273,100,0,0,5,90.1,9.8,0.1,1116,66.4,33.6,0,393
"Wyoming",2021,8751,66,6547,828,2,1.51,773,9.9,0.44,1601,35.8,0.3,80.8,2,5.4,NA,0.7,0,132424,13.4,41,59,0,261,0,0,0,0,91.3,8.6,0.1,1025,62.9,37.1,0,315
